final_name,case_urls
3e8eafcbed86029e21796f2483fd57080bc19ed7,https://app02.clerk.org/ccms/spnCR_detail.aspx?d=3836312f3032&c=35373834343033
81fafa4d0470bd822a5a93741368989193f49d0c,https://app02.clerk.org/ccms/spnCR_detail.aspx?d=323430352e35&c=35313137353632
ca0771b03bb9a97ff9e6caa4e796b8ccb1f0911d,https://app02.clerk.org/ccms/spnCR_detail.aspx?d=33393831342f&c=353233362e2e33
88f74d2fb849f166b2d2a25f69919cc002783d56,https://app02.clerk.org/ccms/spnCR_detail.aspx?d=39343235312e&c=3b393737353632
adaadbe29104828fbd46f58ae4aa2d8ae20dc957,https://app02.clerk.org/ccms/spnCR_detail.aspx?d=35333036332e&c=3a363930322d33
22c02826528b5e26ef6a0a057362911d5cc099a2,https://app02.clerk.org/ccms/spnCR_detail.aspx?d=3536332f3635&c=3b343530343233
3a25408d0f30d2eb222e29391f0b0a9c48e11edc,https://app02.clerk.org/ccms/spnCR_detail.aspx?d=323632363335&c=333738382f3033
8c53c48cfd2e2676be78b1c34bf560ab11296e59,https://app02.clerk.org/ccms/spnCR_detail.aspx?d=343338382e30&c=3632342f2e3233
e0bd7774ad5b28a4ccb6d992ed869d634c32520d,https://app02.clerk.org/ccms/spnCR_detail.aspx?d=393533382f&c=3533383031312f
f9992b7e36a6e5e86a8f93fad6c39ca45cca0365,https://app02.clerk.org/ccms/spnCR_detail.aspx?d=3b35313331&c=33363536352e33
bb26983be493d69c38452d8fef953bf398b1a9e9,https://app02.clerk.org/ccms/spnCR_detail.aspx?d=393838313735&c=34313132303333
e0a1012b94aa6dd43aee4ff2faf62b0371a58465,https://app02.clerk.org/ccms/spnCR_detail.aspx?d=333a32362f31&c=3936332f373333
163a743511bf1250a4cd5ecf892756c08b583fcf,https://app02.clerk.org/ccms/spnCR_detail.aspx?d=37383133372f&c=3b3730302e3233
7b2750eebe722289ffc4847c82c5fd29abaa281f,https://app02.clerk.org/ccms/spnCR_detail.aspx?d=393132313535&c=3b333831313133
5de961319786914179f953c62fc978ef2d30cb67,https://app02.clerk.org/ccms/spnCR_detail.aspx?d=353538352f32&c=353933382e2d33
0e47f58cbddd5962be0d588ea38d6f83858e87a6,https://app02.clerk.org/ccms/spnCR_detail.aspx?d=3a343037312f&c=363a3037332d33
36562221a7b41a251103020db36321b810bfacf0,https://app02.clerk.org/ccms/spnCR_detail.aspx?d=323336323032&c=323a3435373632
d16abb71c70b90f0addbdaae06861b34c3ccc8da,https://app02.clerk.org/ccms/spnCR_detail.aspx?d=353733333435&c=36393137353033
e2c3624cf996effaee04714ec6f3d143c7bb9525,https://app02.clerk.org/ccms/spnCR_detail.aspx?d=373934373232&c=34343836323233
fd543b2e246ad074cf481884cb71e7f4b7d23720,https://app02.clerk.org/ccms/spnCR_detail.aspx?d=3a383837332e&c=32333538343032
3d488be0c1f65a9eb15dbf572af412f12f533302,https://app02.clerk.org/ccms/spnCR_detail.aspx?d=32373634332e&c=3b313230342e33
456df1b7efcac7377d8e1360cab291d7ce188dce,https://app02.clerk.org/ccms/spnCR_detail.aspx?d=343239313033&c=38393537322e33
7b673a4d10863bfdff3a075d216ed588b6dcde66,https://app02.clerk.org/ccms/spnCR_detail.aspx?d=393a393531&c=3a3a3937372d30
8bc87daf32e000f278c1a239cb81863e9386c460,https://app02.clerk.org/ccms/spnCR_detail.aspx?d=33353236&c=3b3430322f2d33
9e0ecb9077d285dafab73fdbd2902c373843a3fe,https://app02.clerk.org/ccms/spnCR_detail.aspx?d=3434302f372f&c=34333332373433
acef39b42879f3ac0220bf6a114d8a2d6cea6e4e,https://app02.clerk.org/ccms/spnCR_detail.aspx?d=353931353535&c=323a3535343133
bbe478b485f1aec61356d3ecf6a7061be0a53d32,https://app02.clerk.org/ccms/spnCR_detail.aspx?d=36373936372f&c=3a323335362d32
bfaa725d83c40b1d593b3a6ba26350b41c88bc3b,https://app02.clerk.org/ccms/spnCR_detail.aspx?d=393634333231&c=3a343032343333
11f2f44337c2f1c5e9b1f3a9fb3a40426f876fe1,https://app02.clerk.org/ccms/spnCR_detail.aspx?d=37333236&c=373638312e2d33
234880d0d1bf3f1fbfcc097f4abd04c42aa96dcb,https://app02.clerk.org/ccms/spnCR_detail.aspx?d=393437343732&c=393237352f2d33
2b95ab0a0d4ddc2da397177a56e8b045c299bab1,https://app02.clerk.org/ccms/spnCR_detail.aspx?d=3b3532322f2e&c=373335312e2e33
2d59ef6fca2b45ce222cc9e1def1565822c87d02,https://app02.clerk.org/ccms/spnCR_detail.aspx?d=353931353535&c=353a3838363433
57e25b5da9dcba04a40e16cc29042b5eab6e75b0,https://app02.clerk.org/ccms/spnCR_detail.aspx?d=3a3336382e31&c=3339303831312f
9ee8144135cf9d5072952ce453efedeb6e7e5ff3,https://app02.clerk.org/ccms/spnCR_detail.aspx?d=373131302f2e&c=35363033302f33
a79433efbffc2e0120cdb0653590f0f509f3df6c,https://app02.clerk.org/ccms/spnCR_detail.aspx?d=353438363235&c=33333431372e33
aa9888eb74e5a503eb8c3ee28010183992526dd6,https://app02.clerk.org/ccms/spnCR_detail.aspx?d=38333331332e&c=38333537363632
abc9f423c33c3e07f8bff477eb35d6f8f1c91f84,https://app02.clerk.org/ccms/spnCR_detail.aspx?d=3934303637&c=32333034333433
d7788126eaf725e0eb79fbb5b76d1a9e12ad07c6,https://app02.clerk.org/ccms/spnCR_detail.aspx?d=363a33332f&c=36323332322d33
dc5107cfff49ee04546c04309ead9746a0f10536,https://app02.clerk.org/ccms/spnCR_detail.aspx?d=36353136&c=333a35302f312f
ee9c14f24a0de3d33e8841d824ca3ea713211dbc,https://app02.clerk.org/ccms/spnCR_detail.aspx?d=333832323535&c=3b343937313133
f5a2e4aff11fde70cdf55e896c1bfe5f8f684b43,https://app02.clerk.org/ccms/spnCR_detail.aspx?d=32373736372f&c=3b393233373333
12ae5ac511cb1270e924f9efb76ef436fed80765,https://app02.clerk.org/ccms/spnCR_detail.aspx?d=3b3a33353130&c=383833342e3433
1337c2bddcb8e017a2b35e9eb41bfd2e1e8c2a2c,https://app02.clerk.org/ccms/spnCR_detail.aspx?d=343a332f33&c=3838363731362f
23233212f85597cf8abac28aa26f139b010dbffc,https://app02.clerk.org/ccms/spnCR_detail.aspx?d=363539363532&c=3637362f2f3132
2c23af0e12ff6a63ddbb90659720b4f25d30d2e4,https://app02.clerk.org/ccms/spnCR_detail.aspx?d=363134373232&c=32393132373632
360dfa7d4e227431b3d53539667c9344d325fdc8,https://app02.clerk.org/ccms/spnCR_detail.aspx?d=3a3532343335&c=3532302f353033
519981a91dc83aa1c8c30d8c34b287ef05d8e7ae,https://app02.clerk.org/ccms/spnCR_detail.aspx?d=343a3235322f&c=3632373330302f
558f1eadbbf924eca79e5b57533dc07878e4a295,https://app02.clerk.org/ccms/spnCR_detail.aspx?d=3436363232&c=3b3237352f2d33
5cebe6809d3f9a933867fe19729f6f2cf94eb39a,https://app02.clerk.org/ccms/spnCR_detail.aspx?d=353632343033&c=3835312f343433
69d06413e4a47cacb3f285e95b8fe61010888004,https://app02.clerk.org/ccms/spnCR_detail.aspx?d=38363534332f&c=36343134322e33
